TimeStamp,Active Power (kW),POA (W/m2),GHI (W/m2),Wind Speed (m/s),Wind Direction (DEG.),AMB TEMP,MOD TEMP,Humidity,Active Power (MW)
2026-08-05 04:30:00,0.0,-0.24391666666666667,-0.04294999999999998,0.753425,249.03114166666663,24.816666666666666,24.0,93.50000000000001,0.0
2026-08-05 04:45:00,0.0,-0.26195,-0.13165000000000002,0.629575,239.49822500000002,24.575000000000003,23.924999999999997,94.2,0.0
2026-08-05 06:00:00,8.051428571428572,5.3179,5.5685714285714285,0.35907142857142865,236.66259999999997,24.599999999999998,24.0,93.60000000000001,0.008051428571428572
2026-08-05 06:15:00,45.059333333333335,14.139753333333333,14.918859999999999,0.6749533333333332,248.53206,24.606666666666673,24.233333333333334,93.41333333333334,0.04505933333333333
2026-08-05 06:30:00,116.17599999999999,30.06754666666667,31.074146666666664,0.6843466666666667,248.16855333333334,24.726666666666667,24.839999999999996,93.04,0.11617599999999999
2026-08-05 06:45:00,247.39133333333334,57.88603333333334,60.70123333333333,0.8233466666666668,255.71699999999998,24.86,25.706666666666663,92.71333333333332,0.24739133333333332
2026-08-05 07:00:00,447.3960000000001,101.22036,106.3733133333333,0.70964,235.51237333333333,25.060000000000002,26.973333333333333,92.35999999999999,0.44739600000000007
2026-08-05 07:15:00,582.0506666666666,129.76591333333334,135.04255333333333,0.6141666666666669,244.29676666666668,25.333333333333332,28.686666666666667,91.66,0.5820506666666666
2026-08-05 07:30:00,538.9406666666666,121.39452666666666,125.74052,1.0860733333333334,239.88639333333333,25.413333333333334,29.253333333333334,90.60666666666667,0.5389406666666666
2026-08-05 07:45:00,580.6779999999999,138.2308866666667,145.23815333333332,0.9492600000000001,241.81079333333338,25.526666666666667,29.173333333333336,90.10666666666665,0.5806779999999999
2026-08-05 08:00:00,956.7926666666667,224.12090666666663,231.51857999999996,1.0349933333333334,250.9371733333333,25.899999999999995,30.333333333333332,89.13333333333335,0.9567926666666667
2026-08-05 08:15:00,1379.4,293.6595,306.16040000000004,1.1539,252.51683076923078,26.523076923076925,33.24615384615385,87.1,1.3794000000000002
2026-08-05 08:30:00,1253.4873333333333,285.1845466666666,301.77056000000005,1.231993333333333,255.5938533333333,26.913333333333334,34.95333333333333,85.19333333333331,1.2534873333333332
2026-08-05 08:45:00,1360.996666666667,305.7510866666666,328.40387333333337,0.9241199999999999,247.66333333333333,26.939999999999998,34.940000000000005,84.76,1.3609966666666669
2026-08-05 09:00:00,1599.7139999999997,362.5060466666666,386.3940999999999,1.2871333333333335,251.11746000000002,27.566666666666663,37.74,83.38666666666667,1.5997139999999996
2026-08-05 09:15:00,1665.6633333333334,369.59385333333336,387.85634,1.2745266666666668,260.69786,28.093333333333327,37.593333333333334,81.07999999999997,1.6656633333333335
2026-08-05 09:30:00,1724.0473333333334,382.22368666666665,395.81406666666663,0.9595199999999999,254.15316666666666,28.473333333333333,38.96666666666667,80.26,1.7240473333333335
2026-08-05 09:45:00,1805.8746666666664,404.88379333333336,413.92482,1.2896733333333334,228.41126666666665,28.360000000000003,40.68,80.42666666666668,1.8058746666666663
2026-08-05 10:00:00,2043.079333333333,456.96402000000006,467.0305466666667,0.8268466666666665,252.5752266666667,28.759999999999998,41.61999999999999,79.14,2.043079333333333
2026-08-05 10:15:00,2215.471333333333,505.46004000000005,510.45439999999996,1.2756333333333336,252.78516666666664,29.046666666666663,42.57333333333334,78.19333333333333,2.215471333333333
2026-08-05 10:30:00,3162.694666666666,699.4488399999999,707.7618933333332,0.8958600000000002,253.20282666666668,29.506666666666668,44.39333333333333,76.60666666666667,3.162694666666666
2026-08-05 10:45:00,2859.6513333333337,608.374,619.4053133333333,1.3251799999999998,252.62936,30.06,47.84,74.51999999999998,2.8596513333333338
2026-08-05 11:00:00,3800.024666666667,911.7749133333333,918.1786800000001,1.0977333333333332,265.81152,30.21333333333333,50.50666666666666,73.60666666666665,3.8000246666666673
2026-08-05 11:15:00,3023.8379999999993,727.1751533333332,736.5234866666666,1.3301466666666668,262.97316,30.8,51.72666666666667,71.66666666666667,3.023837999999999
2026-08-05 11:30:00,3411.298666666666,822.5464466666667,833.6832866666666,1.0019666666666667,235.71343999999996,30.279999999999998,51.853333333333346,73.74,3.4112986666666663
2026-08-05 11:45:00,1977.8333333333333,578.2740666666666,597.9435066666666,1.206726666666667,234.7987,30.626666666666665,54.34,73.92666666666668,1.9778333333333333
2026-08-05 12:00:00,1790.984,351.53288,358.5278666666666,1.1549133333333335,257.51452666666665,29.91333333333333,42.15333333333333,75.09333333333333,1.790984
2026-08-05 12:15:00,2638.665333333334,537.65274,536.9173,1.26456,273.3837066666666,30.653333333333332,43.41333333333334,71.86666666666666,2.638665333333334
2026-08-05 12:30:00,2831.390666666667,562.98416,597.8652733333333,1.1366999999999998,254.81564666666665,30.686666666666667,43.10666666666667,72.48666666666668,2.831390666666667
2026-08-05 12:45:00,2138.25,390.42845,404.22685,1.06345,242.4666,31.25,47.35,71.3,2.13825
2026-08-08 06:15:00,57.22625,17.199837499999997,18.007575,1.3285624999999999,253.9144625,24.5375,23.900000000000002,94.29999999999998,0.05722625
2026-08-08 06:30:00,99.43266666666669,26.127400000000005,26.585173333333337,1.2236,258.36766,24.573333333333338,23.993333333333332,94.22000000000001,0.0994326666666667
2026-08-08 06:45:00,195.99133333333336,45.852446666666665,45.60148000000001,0.8889266666666665,245.93702,24.666666666666668,24.36,94.02666666666666,0.19599133333333335
2026-08-08 07:00:00,337.8393333333333,74.09834666666667,75.81368666666667,0.48659333333333327,242.62906666666666,24.906666666666663,25.36,93.49999999999999,0.33783933333333327
2026-08-08 07:15:00,471.38916666666665,103.52067499999998,108.57658333333335,0.7561333333333334,241.00698333333332,25.224999999999998,27.26666666666667,92.80833333333334,0.47138916666666664
2026-08-08 07:30:00,486.6890909090909,108.55473636363637,110.33103636363639,1.4510090909090907,258.57376363636365,25.427272727272726,27.78181818181819,91.54545454545453,0.4866890909090909
2026-08-08 07:45:00,494.6819999999999,109.73175333333334,111.30866666666667,1.3218933333333334,260.58584,25.573333333333334,28.06,90.85999999999999,0.4946819999999999
2026-08-08 08:00:00,457.9042857142858,100.96709285714287,101.26225714285714,1.6242857142857143,253.98242142857143,25.699999999999992,28.264285714285716,90.25000000000001,0.45790428571428576
2026-08-08 08:15:00,563.5319999999999,121.51659333333333,123.83524666666669,1.2766799999999998,264.91906,25.84666666666666,28.4,89.74666666666666,0.5635319999999999
2026-08-08 08:30:00,516.5413333333332,111.01761333333334,115.11392666666667,1.5503466666666668,255.41581999999997,26.080000000000005,29.093333333333327,88.97333333333333,0.5165413333333332
2026-08-08 08:45:00,537.7546666666665,110.74520666666668,116.69232666666667,1.0070533333333334,263.5940933333334,26.12666666666667,28.633333333333333,88.49333333333334,0.5377546666666665
2026-08-08 09:00:00,660.5993333333334,134.47816,138.26691333333335,0.9859800000000001,258.50787999999994,26.399999999999995,29.419999999999998,88.24000000000001,0.6605993333333334
2026-08-08 09:15:00,660.2166666666667,135.22980666666666,138.58880000000002,0.9295533333333335,260.6748733333333,26.580000000000002,30.0,87.22000000000001,0.6602166666666667
2026-08-08 09:30:00,774.9033333333334,156.5223466666667,164.8372,1.0367266666666666,253.36233999999996,26.7,30.493333333333336,86.96,0.7749033333333334
2026-08-08 09:45:00,954.8493333333333,195.45139999999998,200.98439333333332,0.8731933333333334,259.60658,26.98,31.60666666666667,85.89333333333335,0.9548493333333333
2026-08-08 10:00:00,1091.2679999999998,223.32858000000002,229.96406666666664,1.3557733333333333,260.68228,27.37333333333333,32.70666666666667,84.66666666666667,1.091268
2026-08-08 10:15:00,1245.9826666666668,255.74176666666665,262.0525,0.9108266666666666,254.56339999999994,27.653333333333332,34.426666666666655,84.35333333333332,1.2459826666666667
2026-08-08 10:30:00,1278.1860000000001,265.8895,276.20056000000005,1.4859533333333332,264.67944,27.90666666666666,34.873333333333335,82.48666666666666,1.278186
2026-08-08 10:45:00,1355.5426666666667,284.7443933333334,295.57874,1.2125733333333337,256.4826,28.086666666666662,35.52666666666667,82.57333333333334,1.3555426666666668
2026-08-08 11:00:00,1212.8053333333335,251.71353333333337,262.9682133333333,1.2892399999999997,251.7547,28.073333333333334,35.54,82.24,1.2128053333333335
2026-08-08 11:15:00,1564.4166666666667,331.36735333333337,340.6149199999999,1.2679866666666664,258.52643333333333,28.21333333333333,36.24,81.94000000000001,1.5644166666666668
2026-08-08 11:30:00,1787.8166666666668,383.60891999999996,399.27548,1.3393933333333334,255.95809999999997,28.499999999999993,38.38666666666667,81.29333333333334,1.7878166666666668
2026-08-08 11:45:00,1641.3299999999997,351.89495999999997,373.49462666666665,1.7082666666666664,255.29933333333335,28.90666666666667,38.940000000000005,79.97333333333334,1.6413299999999997
2026-08-08 12:00:00,1594.7666666666664,337.69145999999995,362.2111866666667,1.3953,255.47515333333337,29.12,38.56000000000001,79.44666666666667,1.5947666666666664
2026-08-08 12:15:00,1717.0993333333329,373.17533333333336,393.38091333333347,1.5546466666666665,258.4099733333333,29.366666666666664,39.12,78.20666666666665,1.7170993333333329
2026-08-08 12:30:00,1608.8485714285714,329.3683071428572,363.14854999999994,1.3345285714285713,269.9375,29.23571428571429,37.292857142857144,78.09285714285714,1.6088485714285714
2026-08-08 12:45:00,2398.313333333333,519.6322533333333,541.0274733333333,1.2971933333333334,277.37493333333333,29.266666666666666,38.693333333333335,77.94000000000001,2.398313333333333
2026-08-08 13:00:00,2628.078666666667,568.3226866666666,584.99872,1.2502,278.03592000000003,29.746666666666666,42.673333333333325,77.38000000000001,2.6280786666666667
2026-08-08 13:15:00,3144.0053333333326,715.9369666666665,735.2016066666669,1.4821866666666668,268.07939999999996,30.246666666666666,46.4,75.93333333333334,3.1440053333333324
2026-08-08 13:30:00,2797.936666666667,597.15976,627.3339666666666,1.1824799999999998,238.91011999999998,30.17333333333334,48.086666666666666,77.4,2.7979366666666667
2026-08-08 13:45:00,2974.6780000000003,621.5496266666667,647.9173666666666,1.1661133333333333,253.4498733333334,30.45333333333333,47.49999999999999,77.00666666666666,2.9746780000000004
2026-08-08 14:00:00,2478.310666666667,597.9873666666666,623.9750733333332,1.0903266666666667,224.15594000000002,30.3,50.58666666666667,77.55333333333333,2.478310666666667
2026-08-08 14:15:00,1464.9633333333336,296.55486666666667,323.2548533333333,0.9032133333333334,242.23514666666668,29.866666666666667,43.05333333333333,78.57333333333332,1.4649633333333336
2026-08-08 14:30:00,1846.4333333333336,456.2853733333333,465.93278,1.1140933333333334,251.1501066666667,30.279999999999998,44.22666666666667,77.6,1.8464333333333336
2026-08-08 14:45:00,1854.936,371.2360933333333,394.5196733333333,1.5447066666666667,267.0845666666667,30.186666666666667,39.02666666666667,76.6,1.854936
2026-08-08 15:00:00,3165.197333333333,696.4012866666667,738.0039866666667,1.4437933333333335,273.45418666666666,31.459999999999994,45.113333333333344,72.65333333333334,3.165197333333333
2026-08-08 15:15:00,2855.5979999999995,617.7765599999999,660.28472,1.6619133333333336,259.2534733333333,31.84666666666667,48.36666666666667,71.88666666666667,2.8555979999999996
2026-08-08 15:30:00,2727.9353333333333,619.7044133333333,663.0641266666665,1.5100533333333337,273.41263999999995,31.57333333333333,45.446666666666665,71.96000000000001,2.7279353333333334
2026-08-08 15:45:00,1008.39,229.81534000000002,247.41708,1.8897933333333332,256.01597999999996,30.500000000000004,39.6,76.4,1.00839
2026-08-08 16:00:00,850.0726666666667,198.55046,209.20942666666667,1.8512333333333333,249.34958666666668,28.48,33.766666666666666,82.85333333333332,0.8500726666666667
2026-08-08 16:15:00,1775.773333333333,389.46718666666663,419.28150666666664,1.7434600000000002,239.75880666666663,28.006666666666664,36.00666666666667,83.17333333333333,1.775773333333333
2026-08-08 16:30:00,2010.3840000000002,433.75762666666657,481.68287333333336,2.14908,253.4610066666667,28.500000000000004,39.3,82.65333333333334,2.010384
2026-08-08 16:45:00,1689.1928571428573,360.9132357142857,407.68032142857135,1.4492785714285714,252.9681928571429,28.521428571428572,38.40714285714286,82.84285714285714,1.6891928571428574
2026-08-08 17:00:00,835.2846666666667,184.19215333333332,213.7320866666667,1.5805466666666672,256.2303733333334,27.959999999999997,34.713333333333324,82.47333333333334,0.8352846666666667
2026-08-08 17:15:00,996.2233333333334,230.38336,262.0757533333333,1.5228533333333332,261.39522666666664,27.52,32.7,80.18666666666668,0.9962233333333333
2026-08-08 17:30:00,862.596,193.6063266666667,221.29036000000002,1.31504,254.47586666666666,27.426666666666662,32.95333333333333,81.65333333333334,0.862596
2026-08-08 17:45:00,753.4893333333333,173.90585333333334,206.66004666666666,1.22842,257.8750799999999,27.513333333333335,32.54666666666667,81.82,0.7534893333333333
2026-08-08 18:00:00,469.3060000000001,110.17126666666668,129.76737333333332,0.83248,259.5821133333333,27.36,31.11333333333333,82.28000000000002,0.4693060000000001
2026-08-08 18:15:00,254.35666666666668,62.263813333333346,71.41116000000001,0.6148533333333333,268.0749466666667,27.320000000000004,29.740000000000002,82.35333333333334,0.2543566666666667
2026-08-08 18:30:00,87.87866666666666,24.803119999999996,26.644293333333334,0.34162,259.3142933333333,27.11333333333334,28.226666666666667,84.08666666666666,0.08787866666666666
2026-08-08 18:45:00,55.23,17.0256,18.941566666666667,0.3177,243.99113333333335,27.0,27.666666666666668,85.16666666666667,0.055229999999999994
2026-08-09 06:00:00,0.0,2.5761636363636358,2.8247999999999998,0.8196909090909091,252.04978181818186,24.518181818181816,24.0,93.58181818181819,0.0
2026-08-09 06:15:00,16.532,7.527453333333335,7.820306666666666,0.8801466666666666,267.24852000000004,24.5,24.0,93.75999999999998,0.016532
2026-08-09 06:30:00,32.49285714285714,11.179092857142857,11.398214285714285,0.6258357142857143,262.78700714285714,24.5,24.135714285714283,93.82142857142856,0.03249285714285714
2026-08-09 06:45:00,100.83266666666668,25.82532,26.49814,0.6495000000000001,262.5399,24.553333333333338,24.4,93.76666666666664,0.10083266666666668
2026-08-09 07:00:00,60.12866666666665,16.60752,16.826019999999996,0.62512,268.2633666666667,24.626666666666665,24.953333333333333,93.64000000000001,0.06012866666666666
2026-08-09 07:15:00,50.48384615384615,15.175353846153845,15.663623076923075,0.9957230769230768,260.6590692307692,24.676923076923075,24.94615384615384,93.3923076923077,0.05048384615384615
2026-08-09 07:30:00,119.68357142857143,29.074271428571425,29.379621428571426,1.1354714285714285,259.93269285714285,24.71428571428571,25.192857142857143,93.29285714285713,0.11968357142857143
2026-08-09 07:45:00,142.72785714285712,32.92537857142857,34.441500000000005,0.8679214285714286,260.53758571428574,24.835714285714285,25.542857142857144,92.95714285714284,0.14272785714285713
2026-08-09 08:00:00,236.04857142857148,51.86455714285715,54.69838571428572,1.197442857142857,259.65925714285714,25.014285714285712,26.02857142857143,92.77142857142857,0.23604857142857147
2026-08-09 08:15:00,268.10133333333334,59.28643333333334,61.02043333333334,0.9232533333333333,266.71288000000004,25.09333333333333,26.32,92.42666666666666,0.26810133333333336
2026-08-09 08:30:00,286.532,63.181553333333326,64.32512666666666,1.1315933333333335,266.4065,25.23333333333333,26.753333333333337,92.07333333333332,0.286532
2026-08-09 08:45:00,251.41399999999996,54.1358,58.37986,1.0541733333333334,271.9823333333333,25.199999999999992,25.86,92.06666666666666,0.25141399999999997
2026-08-09 09:00:00,328.64133333333336,68.26957333333333,76.85618666666667,1.1995533333333335,281.01006,25.213333333333328,26.54666666666667,92.11333333333332,0.32864133333333334
2026-08-09 09:15:00,350.32266666666675,73.05974666666665,80.38169333333332,1.0518533333333335,279.96402666666665,25.20666666666666,26.82,92.19333333333334,0.3503226666666667
2026-08-09 09:30:00,516.5206666666668,103.28602666666667,111.34911999999998,0.8259733333333333,256.0597466666666,25.339999999999996,27.393333333333334,92.49333333333334,0.5165206666666667
2026-08-09 09:45:00,873.1473333333332,176.73631333333333,189.49579333333332,1.1301666666666668,256.52414666666664,25.973333333333333,30.18,91.03999999999999,0.8731473333333333
2026-08-09 10:00:00,882.0160000000001,179.56422,192.83376,1.09538,266.58305333333334,26.47333333333334,31.36666666666667,88.93333333333335,0.882016
2026-08-09 10:15:00,1073.2793333333332,219.90758666666665,234.45941333333337,1.2122466666666667,266.11123999999995,26.83333333333333,32.18666666666666,87.51333333333332,1.0732793333333333
2026-08-09 10:30:00,1411.7686666666666,292.5746066666667,308.6658666666666,1.2184799999999998,266.1082733333334,27.07333333333333,33.58666666666667,85.98000000000002,1.4117686666666667
2026-08-09 10:45:00,1217.4966666666664,255.4072866666666,267.10509333333334,1.2663466666666667,255.34681333333336,27.406666666666663,34.78,84.98,1.2174966666666664
2026-08-09 11:00:00,1493.4973333333332,313.34389333333337,331.88811999999996,1.22074,267.3664733333333,27.36,34.14666666666666,85.33999999999999,1.4934973333333332
2026-08-09 11:15:00,2648.7833333333333,609.8490666666665,634.4642066666668,1.6867466666666664,266.49551333333335,27.973333333333336,38.17333333333334,84.17999999999999,2.6487833333333333
2026-08-09 11:30:00,2365.7273333333337,530.1633266666666,542.3270266666667,1.24452,270.8131466666667,28.613333333333337,43.24,81.82666666666667,2.3657273333333335
2026-08-09 11:45:00,2030.5866666666664,446.84957333333335,457.43788,1.0151466666666669,254.2399666666667,28.87333333333333,42.00666666666667,81.72,2.0305866666666663
2026-08-09 12:00:00,2823.0820000000003,655.0226733333335,663.8794066666667,1.2696066666666668,250.49651333333338,29.659999999999993,45.26,78.55999999999999,2.8230820000000003
2026-08-09 12:15:00,2885.359333333334,671.2938533333332,686.9849066666667,1.847053333333333,259.99902,30.019999999999996,46.16,77.15333333333334,2.8853593333333336
2026-08-09 12:30:00,2219.3793333333333,489.2922333333333,501.0168266666667,1.58534,264.9034866666667,29.87333333333333,44.34,77.5,2.2193793333333334
2026-08-09 12:45:00,1568.6160000000002,339.1724666666667,338.17338,1.4314733333333332,248.75091333333336,29.206666666666667,41.760000000000005,80.32666666666665,1.5686160000000002
2026-08-09 13:00:00,1277.7680000000003,266.00462666666664,273.6134733333333,1.1855533333333332,255.35868666666664,28.853333333333335,37.78,81.64666666666666,1.2777680000000002
2026-08-09 13:15:00,1641.709333333333,341.86009333333334,359.17102666666665,0.7841066666666667,255.68807333333334,29.326666666666654,38.93333333333333,80.51333333333334,1.641709333333333
2026-08-09 13:30:00,2677.3179999999998,603.8626733333333,638.1381333333333,0.8547066666666668,239.87601333333333,30.153333333333332,45.660000000000004,78.14666666666668,2.6773179999999996
2026-08-09 13:45:00,2165.4166666666665,480.1259466666668,495.06950666666665,1.0033533333333335,235.91595333333336,29.933333333333334,45.98666666666668,79.11999999999998,2.1654166666666663
2026-08-09 14:00:00,1464.6713333333332,314.40904666666665,327.59808666666675,1.2611133333333333,243.26930000000004,29.65333333333333,42.606666666666676,79.82,1.4646713333333332
2026-08-09 14:15:00,1353.6293333333333,284.96154666666666,295.50524,1.2883600000000002,244.99337999999997,29.333333333333336,38.31333333333334,81.82666666666665,1.3536293333333334
2026-08-09 14:30:00,1813.7773333333332,372.23221333333333,375.85928,1.6303200000000004,240.31668666666664,29.44,39.43333333333332,82.24000000000001,1.8137773333333331
2026-08-09 14:45:00,1057.3593333333333,226.2705,225.1880866666667,1.6419733333333333,236.1503733333333,28.92,38.03333333333333,83.74000000000001,1.0573593333333333
2026-08-09 15:00:00,477.76933333333335,102.63539333333334,102.67144666666667,1.4403066666666668,218.4970133333333,28.246666666666666,33.25333333333334,85.62666666666668,0.4777693333333333
2026-08-09 15:15:00,307.68066666666675,68.75573333333334,73.75316666666667,1.6998866666666668,221.92590666666666,27.246666666666666,29.079999999999995,89.52666666666667,0.30768066666666677
2026-08-09 15:30:00,605.1573333333333,120.24241333333332,132.79983333333334,1.2656333333333332,242.13127333333338,26.1,27.073333333333334,94.19333333333334,0.6051573333333333
2026-08-09 15:45:00,1187.212,240.92548666666667,262.7597866666666,1.7786466666666665,235.16148000000004,26.246666666666666,30.546666666666667,94.40666666666667,1.187212
2026-08-09 16:00:00,1352.6680000000003,280.41182000000003,309.5034133333333,1.6263066666666668,236.5153666666667,26.426666666666662,33.78666666666666,93.50666666666666,1.3526680000000004
2026-08-09 16:15:00,1052.6840000000002,214.57404000000002,239.37575333333334,1.786373333333333,241.05111333333332,26.233333333333338,33.153333333333336,91.80666666666667,1.0526840000000002
2026-08-09 16:30:00,608.3733333333333,124.67039333333334,137.19917333333333,1.3054666666666666,242.02446,26.23333333333333,31.193333333333328,91.57999999999998,0.6083733333333333
2026-08-09 16:45:00,503.4926666666667,105.06804666666666,111.52788666666667,1.0729199999999999,243.97628666666662,26.159999999999993,29.860000000000007,92.11999999999999,0.5034926666666667
2026-08-09 17:00:00,303.1086666666667,65.16895333333333,66.59477333333334,1.0479266666666665,238.14228000000003,26.060000000000002,28.746666666666666,92.47333333333333,0.3031086666666667
2026-08-09 17:15:00,188.00400000000002,42.23985333333334,42.02278666666667,0.7863199999999999,246.2738333333333,25.833333333333332,26.80666666666667,93.5,0.18800400000000003
2026-08-09 17:30:00,128.74533333333335,30.024780000000003,32.137100000000004,0.89954,241.31002000000004,25.52,25.719999999999995,94.23333333333333,0.12874533333333335
2026-08-09 17:45:00,194.5586666666667,43.42582000000001,48.277833333333334,1.0687400000000002,242.09343333333334,25.426666666666666,25.780000000000005,94.52666666666667,0.1945586666666667
2026-08-09 18:00:00,210.37133333333335,47.56461333333334,50.77053333333334,0.6915466666666664,235.45748666666668,25.48,25.86,94.10666666666665,0.21037133333333335
2026-08-09 18:15:00,127.33199999999997,31.144566666666663,31.047953333333332,0.5725933333333333,242.6528133333334,25.506666666666668,25.766666666666666,93.96666666666664,0.12733199999999997
2026-08-09 18:30:00,45.13466666666667,13.265606666666665,13.056193333333333,0.3571266666666667,240.18388,25.540000000000003,25.719999999999995,94.16666666666669,0.04513466666666667
2026-08-09 18:45:00,34.47,10.9236,11.792625,0.199875,238.32975,25.525,25.8,94.275,0.03447
2026-08-09 20:15:00,0.0,0.7738777777777778,0.6080333333333333,0.0303,254.6479888888889,25.24444444444444,24.344444444444445,94.33333333333331,0.0
2026-08-09 20:30:00,0.0,-0.4604933333333333,-0.47129333333333323,0.03342,240.51106,25.26,24.100000000000005,94.32666666666665,0.0
2026-08-10 06:15:00,20.97875,8.0301875,8.2735125,1.0012625,275.296775,24.9375,24.7375,95.39999999999999,0.02097875
2026-08-10 06:30:00,34.21933333333333,10.897326666666666,11.52258,0.7255333333333334,271.6188266666666,25.0,24.92666666666667,95.29333333333332,0.03421933333333333
2026-08-10 06:45:00,63.89999999999999,17.470157142857143,18.859028571428574,0.8724,280.78642857142853,25.0,25.12857142857143,95.14285714285714,0.06389999999999998
2026-08-10 07:00:00,74.96230769230769,19.999530769230766,21.04792307692308,0.6645384615384615,276.23989230769234,25.092307692307696,25.34615384615385,94.94615384615386,0.07496230769230769
2026-08-10 07:15:00,103.755,25.946825,26.972075,0.99925,263.50675,25.1,25.450000000000003,94.8,0.103755
2026-08-10 07:30:00,216.27399999999997,47.86066000000002,50.36626666666667,1.4906266666666668,270.7182066666667,25.253333333333334,26.053333333333335,94.41333333333333,0.21627399999999997
2026-08-10 07:45:00,215.75933333333336,47.15614666666667,49.859233333333336,1.3225599999999997,263.7298666666667,25.320000000000004,26.033333333333335,94.06666666666668,0.21575933333333336
2026-08-10 08:00:00,186.4753846153846,40.99327692307692,42.94779230769231,1.302753846153846,265.7976,25.361538461538462,26.130769230769225,93.83076923076922,0.1864753846153846
2026-08-10 08:45:00,153.84428571428572,34.52201428571429,36.86924285714286,1.2373999999999998,265.9958285714286,25.314285714285717,25.942857142857147,94.05714285714286,0.1538442857142857
2026-08-10 09:00:00,68.60999999999999,21.712606666666662,22.926926666666667,0.9217266666666667,269.99118666666664,25.34,25.766666666666666,94.25333333333334,0.06860999999999999
2026-08-10 09:15:00,148.45800000000003,32.862273333333334,34.85613333333333,1.0881333333333332,269.49932,25.280000000000005,25.353333333333335,94.76666666666668,0.14845800000000003
2026-08-10 09:30:00,227.88666666666663,48.182206666666666,50.955506666666665,1.1614666666666666,278.31487999999996,25.293333333333337,25.66,94.98666666666668,0.22788666666666663
2026-08-10 09:45:00,161.63200000000003,35.743273333333335,37.455733333333335,1.0617999999999999,263.87154,25.31333333333334,25.686666666666664,94.70666666666665,0.16163200000000003
2026-08-10 10:00:00,152.5753333333333,34.804080000000006,37.36259333333333,1.8325266666666666,266.7573866666667,25.280000000000005,26.00666666666666,94.52,0.1525753333333333
2026-08-10 10:15:00,176.10000000000002,39.59162666666667,43.77562666666666,2.03132,267.13056666666665,25.199999999999992,25.833333333333336,94.91333333333333,0.17610000000000003
2026-08-10 10:30:00,150.44133333333332,34.70266,37.42038,1.7660066666666665,264.19130666666666,25.199999999999992,25.733333333333327,94.88666666666664,0.15044133333333332
2026-08-10 10:45:00,83.73933333333333,21.38418,22.35902666666667,1.6477399999999993,268.9815,25.199999999999992,25.68,94.89333333333336,0.08373933333333333
2026-08-10 11:00:00,115.77533333333332,27.418153333333333,29.29848,0.8989399999999997,265.06149999999997,25.20666666666666,25.72666666666667,94.94666666666667,0.11577533333333333
2026-08-10 11:15:00,121.68800000000002,28.60908,31.341739999999998,1.0688,252.18572666666665,25.280000000000005,26.040000000000006,95.10666666666664,0.12168800000000002
2026-08-10 11:30:00,75.482,19.40894666666667,20.29858,0.9609333333333334,252.2124466666667,25.199999999999992,25.919999999999995,95.20666666666668,0.075482
2026-08-10 11:45:00,49.082,14.287353333333334,14.727173333333333,0.8694933333333333,260.1303466666667,25.199999999999992,25.726666666666667,95.27333333333333,0.049082
2026-08-10 12:00:00,27.232000000000006,10.113959999999999,10.498086666666667,0.6888066666666667,265.53406,25.199999999999992,25.433333333333334,95.28666666666665,0.027232000000000006
2026-08-10 12:15:00,26.17133333333333,10.088866666666666,10.415600000000001,0.11947333333333333,289.6364333333333,25.199999999999992,25.100000000000005,95.40666666666667,0.02617133333333333
2026-08-10 12:30:00,31.499333333333333,11.693106666666665,12.782939999999998,0.22872,279.77114666666665,25.233333333333334,25.100000000000005,95.46666666666665,0.03149933333333333
2026-08-10 12:45:00,52.52933333333332,16.900646666666667,17.79641333333333,1.0597466666666668,259.3602866666667,25.086666666666666,25.053333333333335,96.01333333333334,0.05252933333333332
2026-08-10 13:00:00,31.681333333333335,11.408546666666666,12.032486666666667,0.9930066666666665,245.6336,24.959999999999997,24.946666666666665,96.48,0.03168133333333333
2026-08-10 13:15:00,23.77,10.04325,10.616299999999999,1.431475,250.15877500000002,24.9,24.825,96.7,0.02377
2026-08-10 13:30:00,20.716000000000005,8.630473333333333,9.039133333333334,0.68464,256.9893,24.899999999999995,24.800000000000008,96.87333333333332,0.020716000000000005
2026-08-10 13:45:00,10.723333333333333,6.338659999999999,7.281540000000001,1.0833799999999998,255.57086000000007,24.833333333333336,24.800000000000008,96.90000000000002,0.010723333333333333
2026-08-10 14:00:00,43.418,14.085973333333333,14.641093333333336,1.0717999999999999,252.94911333333326,24.800000000000008,24.800000000000008,96.97333333333333,0.043418
2026-08-10 14:15:00,62.02266666666666,18.579099999999997,18.881173333333333,1.2058466666666667,264.4843266666667,24.73333333333333,24.800000000000008,97.15333333333335,0.062022666666666657
2026-08-10 14:30:00,127.81066666666666,31.156213333333337,31.82606,1.6646466666666668,255.49147333333332,24.686666666666664,24.800000000000008,97.29333333333334,0.12781066666666666
2026-08-10 14:45:00,217.54333333333335,48.81937333333334,49.94437333333333,1.38656,251.85856000000004,24.67333333333333,25.02,97.42666666666669,0.21754333333333334
2026-08-10 15:00:00,348.8526666666666,72.55363333333331,74.25384000000003,1.5374666666666663,260.5569066666667,24.699999999999992,25.38,97.42666666666669,0.3488526666666666
2026-08-10 15:15:00,400.4486666666666,81.35646,83.83642666666668,1.3989533333333335,257.1970066666667,24.753333333333334,25.700000000000003,97.32666666666667,0.4004486666666666
2026-08-10 15:30:00,344.51000000000005,74.00168666666669,74.99692666666668,1.2763266666666666,262.82628666666665,24.773333333333333,25.76666666666667,97.03999999999999,0.34451000000000004
2026-08-10 15:45:00,366.434,77.32777333333334,79.77215333333334,1.862313333333333,272.8851866666667,24.699999999999992,25.493333333333336,96.64666666666668,0.36643400000000004
2026-08-10 16:00:00,575.3335714285714,119.29765,122.29867857142858,1.6630142857142853,273.93164285714283,24.821428571428573,26.321428571428566,96.36428571428571,0.5753335714285714
2026-08-10 16:15:00,557.42,116.5966,119.0332,2.7031,252.4372,24.9,27.2,95.9,0.5574199999999999
2026-08-10 16:30:00,324.3266666666666,69.55848666666665,72.2757,1.3795933333333334,265.3730933333334,24.939999999999998,26.66,95.02666666666667,0.3243266666666666
2026-08-10 16:45:00,287.348,61.323139999999995,63.9934,1.4857066666666665,262.81587333333334,24.959999999999997,26.500000000000007,94.93333333333335,0.287348
2026-08-10 17:00:00,261.882,57.94253333333334,59.10846666666667,1.4804133333333334,267.3716733333334,25.0,26.540000000000003,94.67333333333332,0.261882
2026-08-10 17:15:00,207.334,46.75869333333334,47.92707333333333,1.460686666666667,267.0853133333334,25.013333333333332,26.17333333333334,94.10666666666665,0.207334
2026-08-10 17:30:00,195.9833333333333,46.221933333333325,47.25128666666667,1.294553333333333,260.35438000000005,25.006666666666668,26.173333333333332,94.14666666666668,0.1959833333333333
2026-08-10 17:45:00,246.37666666666667,56.63188,58.02427333333333,1.3092933333333332,263.6660533333333,24.90666666666666,26.10000000000001,94.1,0.24637666666666666
2026-08-10 18:00:00,151.52076923076922,35.76667692307692,37.011976923076915,0.8422,256.06236153846163,24.884615384615383,25.8923076923077,94.26923076923077,0.1515207692307692
2026-08-10 18:15:00,94.87133333333334,24.345506666666665,25.428020000000004,1.406186666666667,256.15618000000006,24.720000000000002,25.446666666666665,94.4,0.09487133333333334
2026-08-10 18:30:00,48.4625,14.114474999999999,14.752625,1.00795,254.932675,24.575000000000003,24.900000000000002,94.30000000000001,0.0484625
2026-08-10 18:45:00,11.484666666666667,6.209026666666665,6.3931000000000004,0.6826200000000001,251.72206666666668,24.533333333333335,24.566666666666666,94.80666666666667,0.011484666666666667
2026-08-10 20:15:00,0.0,-0.088775,-0.03224166666666669,1.0270416666666666,260.0923166666667,24.316666666666674,23.95,95.46666666666665,0.0
2026-08-10 20:30:00,0.0,-0.5017666666666666,-0.4357066666666666,0.7231266666666667,255.5589933333333,24.286666666666672,23.899999999999995,95.6666666666667,0.0
2026-08-10 20:45:00,0.0,-0.3456599999999999,-0.32505999999999996,0.7759800000000001,260.88332,24.219999999999995,23.860000000000003,95.80666666666664,0.0
2026-08-10 21:00:00,0.0,-0.5495,-0.5907666666666667,0.5226999999999999,259.7631333333333,24.2,23.766666666666666,95.90000000000002,0.0
2026-08-10 21:45:00,0.0,-0.28523,-0.38273000000000007,0.77282,267.83606999999995,24.109999999999996,23.52,96.07000000000001,0.0
2026-08-10 22:00:00,0.0,-0.34450000000000003,-0.5545249999999999,0.40750000000000003,266.82287499999995,24.1,23.5,96.2,0.0
2026-08-11 05:30:00,0.0,-0.29205000000000003,-0.4365833333333333,0.34946666666666665,276.01359999999994,24.233333333333334,23.833333333333332,96.60000000000001,0.0
2026-08-11 05:45:00,0.0,-0.18552000000000002,-0.11278999999999999,0.14698000000000003,262.81960000000004,24.300000000000004,23.93,96.79999999999998,0.0
2026-08-11 06:00:00,0.0,1.0311923076923077,0.8494846153846155,0.03816153846153846,278.9756307692308,24.346153846153847,24.01538461538462,96.86153846153846,0.0
2026-08-11 06:15:00,1.0979999999999999,4.063359999999999,3.979293333333333,0.07411999999999999,278.97811333333334,24.406666666666663,24.15333333333333,96.88000000000002,0.0010979999999999998
2026-08-11 06:30:00,27.49,9.409839999999999,9.977993333333332,0.48384000000000005,283.34469999999993,24.399999999999995,24.24,96.94000000000003,0.027489999999999997
2026-08-11 06:45:00,65.228,16.89662,17.892806666666665,0.5081333333333334,271.6395866666667,24.473333333333336,24.466666666666672,96.96000000000001,0.065228
2026-08-11 07:00:00,103.884,24.388886666666664,25.26558,0.58136,273.73980666666665,24.533333333333335,24.806666666666665,96.85333333333332,0.103884
2026-08-11 07:15:00,122.43866666666668,28.05476666666667,28.937673333333336,0.6577066666666666,291.0652666666667,24.60666666666667,25.226666666666667,96.72666666666666,0.12243866666666668
2026-08-11 07:30:00,204.51466666666667,43.20304,46.05795333333333,0.8811866666666667,272.60921333333334,24.699999999999996,25.713333333333328,96.58666666666666,0.20451466666666668
2026-08-11 07:45:00,153.87866666666662,33.960746666666665,35.55118,0.5719533333333333,284.00422666666674,24.84,25.979999999999997,96.25999999999998,0.1538786666666666
2026-08-11 08:00:00,307.7293333333334,64.93058666666667,67.63192,1.0708466666666667,283.7045133333333,24.893333333333327,25.753333333333337,96.2,0.3077293333333334
2026-08-11 08:15:00,519.43,105.54124,111.38527333333333,0.7903866666666666,270.55425333333335,25.020000000000007,26.380000000000003,96.40666666666667,0.51943
2026-08-11 08:30:00,719.7606666666667,147.68613333333332,157.34941333333333,0.8331133333333334,278.13607333333334,25.27333333333333,27.986666666666665,95.99333333333334,0.7197606666666667
2026-08-11 08:45:00,1004.848,208.65058666666667,218.84928666666667,0.7565000000000001,282.73338666666666,25.773333333333326,30.639999999999997,94.19333333333333,1.004848
2026-08-11 09:00:00,1708.1626666666668,370.19059999999996,385.26330666666667,1.0997800000000002,280.0337666666666,26.38,33.35333333333333,92.02666666666669,1.708162666666667
2026-08-11 09:15:00,1289.9793333333332,277.1065,289.39802,0.7638133333333332,287.72540000000004,26.65333333333333,33.07333333333333,90.71333333333332,1.2899793333333331
2026-08-11 09:30:00,1502.798,323.0262133333333,333.60346,1.30528,285.0836333333333,26.94,34.39999999999999,89.54,1.502798
2026-08-11 09:45:00,1508.8033333333333,316.52592666666663,329.3294399999999,1.1257733333333333,294.9785666666666,27.12,34.55333333333333,89.16,1.5088033333333333
2026-08-11 10:00:00,1652.659333333333,350.1630333333333,363.49324666666666,0.9138266666666667,285.51167999999996,27.360000000000003,35.24666666666667,88.42,1.652659333333333
2026-08-11 10:15:00,1463.7359999999999,308.42297333333335,324.65496666666667,0.68252,297.92971333333327,27.58,35.87333333333333,88.11333333333333,1.463736
2026-08-11 10:30:00,1289.7173333333335,269.9569866666667,287.67352,0.46296,291.1260933333334,27.866666666666667,35.29999999999999,86.94,1.2897173333333336
2026-08-11 10:45:00,1424.6639999999998,303.1305533333333,316.20342000000005,0.7595666666666667,304.50113333333326,27.96,34.24,85.36666666666669,1.4246639999999997
2026-08-11 11:00:00,1541.7753333333333,325.5133599999999,337.4608866666667,0.7664600000000001,287.79956666666664,28.24666666666667,34.72666666666667,84.43333333333334,1.5417753333333333
2026-08-11 11:15:00,2260.7160000000003,478.35083999999995,499.0256466666668,0.5921466666666667,296.5379733333333,28.813333333333333,37.580000000000005,83.40666666666668,2.2607160000000004
2026-08-11 11:30:00,2541.2278571428574,559.6478714285715,571.9940642857142,1.1997214285714286,284.00478571428573,29.27142857142857,41.114285714285714,81.47857142857141,2.5412278571428573
2026-08-11 11:45:00,1959.422,426.80799999999994,434.46094666666676,0.9196133333333333,299.17084666666665,29.520000000000003,40.70000000000001,80.79999999999998,1.959422
2026-08-11 12:00:00,1590.8213333333333,348.95476,364.42749333333336,1.1568133333333332,305.0575266666666,29.06666666666667,36.16666666666666,81.98666666666668,1.5908213333333334
2026-08-11 12:15:00,3409.059333333333,690.9004600000001,798.9879399999999,1.2594266666666665,307.6955933333333,29.92666666666667,42.44000000000001,79.63333333333335,3.409059333333333
2026-08-11 12:30:00,1409.3580000000002,297.9808000000001,306.32895333333335,0.9842533333333333,302.0255266666666,29.946666666666665,40.09333333333333,79.18,1.409358
2026-08-11 12:45:00,949.244,202.73048,209.7065733333333,0.94322,226.1166933333334,29.220000000000002,33.79333333333333,81.46000000000001,0.949244
2026-08-11 13:00:00,1271.858666666667,262.02575333333334,260.9213066666667,0.6518133333333334,307.03088,29.319999999999997,34.65999999999999,81.83999999999999,1.271858666666667
2026-08-11 13:15:00,2714.802666666667,568.8805933333334,578.2296133333332,0.6783399999999999,272.4022266666667,30.119999999999994,39.38,79.49333333333334,2.714802666666667
2026-08-11 13:30:00,2670.499333333333,620.4287,618.5296133333334,0.76844,281.2155466666667,30.959999999999997,45.099999999999994,76.50666666666666,2.6704993333333333
2026-08-11 13:45:00,1513.294666666667,330.1121266666667,361.09690666666677,0.55476,286.5384266666667,30.57333333333333,42.22666666666667,78.34666666666668,1.513294666666667
2026-08-11 14:00:00,1753.4073333333336,356.99322000000006,370.6752133333334,0.42824,240.33374666666666,30.5,43.61333333333333,80.61333333333333,1.7534073333333335
2026-08-11 14:15:00,1494.3400000000001,294.21072666666663,315.7462933333333,0.3967066666666667,253.19394,30.593333333333337,40.56000000000001,79.64666666666668,1.4943400000000002
2026-08-11 14:30:00,2012.1993333333332,442.1253533333333,453.2326933333334,0.6597866666666665,202.74653999999998,30.660000000000004,43.75333333333334,80.64666666666668,2.0121993333333332
2026-08-11 14:45:00,1678.7853333333333,362.71415999999994,382.71798,0.5128466666666667,258.99751333333336,30.706666666666663,41.71333333333333,80.88666666666668,1.6787853333333334
2026-08-11 15:00:00,3106.8320000000003,667.35124,706.35194,0.8604466666666667,254.51072000000005,31.98,49.29333333333334,77.19333333333333,3.1068320000000003
2026-08-11 15:15:00,1937.9433333333334,392.22176666666667,405.21603333333337,0.6317800000000001,227.42681333333334,31.459999999999997,48.373333333333335,78.72,1.9379433333333334
2026-08-11 15:30:00,680.7406666666666,147.27458666666672,140.52465333333333,0.6917066666666666,177.01726666666667,30.96666666666666,41.48666666666667,79.14,0.6807406666666665
2026-08-11 15:45:00,779.958,168.38272666666666,191.26757333333333,1.13428,280.1168666666666,28.886666666666663,32.733333333333334,81.19333333333333,0.7799579999999999
2026-08-11 16:00:00,1070.032,227.7521133333334,254.14695333333336,0.7774266666666668,256.53526666666664,28.53333333333334,34.35333333333333,85.17333333333335,1.0700319999999999
2026-08-11 16:15:00,1705.3700000000001,360.29619333333335,395.3401333333333,0.8951600000000001,268.58016000000003,28.82,37.413333333333334,85.59999999999998,1.70537
2026-08-11 16:30:00,661.7,142.96012000000002,149.94978,1.8476066666666668,278.50478,28.72666666666667,34.313333333333325,86.98666666666666,0.6617000000000001
2026-08-11 16:45:00,366.24199999999996,80.52835999999999,83.49828666666667,1.8526599999999998,271.0156800000001,27.693333333333335,30.44,88.18666666666668,0.36624199999999996
2026-08-11 17:00:00,76.46599999999998,20.032319999999995,23.574993333333328,1.3258999999999999,223.31839333333332,26.839999999999996,28.506666666666664,90.06,0.07646599999999998
2026-08-11 17:15:00,77.99266666666666,23.50880666666666,25.721220000000002,2.0238733333333334,208.0946133333333,25.399999999999995,25.560000000000002,92.7,0.07799266666666667
2026-08-11 17:30:00,22.005333333333336,8.030966666666666,8.520033333333334,1.9099,234.32762666666667,24.860000000000003,24.76666666666667,96.05333333333334,0.022005333333333335
2026-08-11 17:45:00,0.0,0.7797733333333332,0.3569066666666666,0.9272333333333335,231.47442666666663,25.020000000000003,24.913333333333334,96.8666666666667,0.0
2026-08-11 18:00:00,0.0,2.7970399999999995,3.1207133333333337,2.4911000000000003,293.96224,24.68666666666667,24.586666666666662,96.73333333333335,0.0
2026-08-11 18:15:00,0.0,1.48204,1.5210133333333329,3.01444,293.75301333333334,24.4,24.30666666666667,97.01333333333335,0.0
2026-08-11 18:30:00,0.0,0.7658,1.0562,3.7329,284.33545000000004,24.35,24.25,97.0,0.0
2026-08-12 06:15:00,10.023076923076925,6.010353846153847,6.005738461538461,0.6153000000000001,266.40279230769227,24.0,23.9,97.6,0.010023076923076924
2026-08-12 06:30:00,14.393999999999998,6.668080000000001,6.74532,0.56448,283.18074,24.0,23.899999999999995,97.5933333333333,0.014393999999999999
2026-08-12 06:45:00,41.839333333333336,12.054633333333333,13.214673333333332,0.35463999999999996,273.00092666666666,24.09333333333334,24.046666666666674,97.54666666666667,0.04183933333333333
2026-08-12 07:00:00,58.538000000000004,15.721733333333335,16.701240000000002,0.19260666666666668,274.98837333333336,24.100000000000005,24.173333333333332,97.50666666666666,0.05853800000000001
2026-08-12 07:15:00,58.650666666666666,15.758146666666669,16.52368,0.1579,273.24572666666666,24.100000000000005,24.366666666666664,97.43333333333335,0.05865066666666666
2026-08-12 07:30:00,94.26272727272728,22.083418181818182,23.67517272727273,0.0,275.8736545454545,24.14545454545454,24.663636363636364,97.38181818181816,0.09426272727272728
2026-08-12 08:00:00,112.93466666666664,29.095860000000002,30.289893333333332,0.06105333333333333,251.95056000000002,24.233333333333334,25.733333333333334,96.97333333333334,0.11293466666666664
2026-08-12 08:15:00,170.9923076923077,38.55536153846154,40.9082,0.0,245.59266923076925,24.300000000000008,25.53076923076923,96.61538461538461,0.1709923076923077
2026-08-12 08:30:00,329.81363636363636,71.31214545454544,74.90927272727274,0.0,250.71845454545462,24.318181818181824,25.763636363636365,96.44545454545454,0.32981363636363636
2026-08-12 08:45:00,393.458,86.78781999999998,87.91622,0.0,256.05823999999996,24.559999999999995,26.96,96.03999999999999,0.39345800000000003
2026-08-12 09:00:00,320.87600000000003,69.63994666666666,70.68524000000001,0.0,267.70252666666664,24.68666666666666,27.24666666666667,95.69999999999999,0.32087600000000005
2026-08-12 09:15:00,440.8726666666667,91.34431333333332,94.18059333333332,0.0,266.32414666666665,24.866666666666667,27.76666666666667,95.49333333333335,0.4408726666666667
2026-08-12 09:30:00,592.004,131.80118,136.27568666666667,0.0,272.93416,25.146666666666665,29.40666666666667,94.74,0.592004
2026-08-12 09:45:00,587.232,131.05568666666667,133.32115333333334,0.055753333333333335,168.21508,25.473333333333336,29.62666666666667,93.90666666666665,0.587232
2026-08-12 10:00:00,554.5606666666667,124.37170666666667,127.64108666666667,0.5082866666666667,231.88986666666673,25.886666666666663,29.439999999999998,92.30666666666666,0.5545606666666667
2026-08-12 10:15:00,873.8833333333334,176.49053999999998,191.78569333333337,0.37810666666666665,86.66807333333333,26.1,29.459999999999994,92.25999999999998,0.8738833333333335
2026-08-12 10:30:00,1102.4046666666668,238.60383333333328,249.3864133333333,0.3567466666666667,165.57998,26.42000000000001,31.093333333333327,91.18666666666667,1.1024046666666667
2026-08-12 10:45:00,1260.034,260.0129333333333,270.66550666666666,0.8827200000000001,215.49322666666666,26.826666666666664,32.75333333333334,89.11999999999998,1.260034
2026-08-12 11:00:00,1216.948,257.8728266666667,255.11987333333335,0.5863866666666666,191.41162666666668,26.68666666666667,30.019999999999996,89.86666666666665,1.2169480000000001
2026-08-12 11:15:00,996.8953333333333,205.29622666666666,209.59635999999998,0.5232866666666667,267.1609666666667,26.36666666666667,28.89333333333333,92.19333333333331,0.9968953333333332
2026-08-12 11:30:00,649.5413333333333,144.57009333333335,136.25992000000002,0.37816666666666665,275.1975733333333,26.34,29.926666666666666,93.22,0.6495413333333333
2026-08-12 11:45:00,248.77133333333333,63.80034,60.29951333333333,0.78928,286.9864866666667,26.173333333333336,28.086666666666666,93.81333333333333,0.24877133333333334
2026-08-12 12:00:00,55.65133333333335,18.525693333333336,19.314206666666667,1.0328666666666666,274.28952000000004,25.39333333333333,25.660000000000004,95.53333333333332,0.055651333333333344
2026-08-12 12:15:00,130.60933333333335,32.839600000000004,34.614006666666675,1.4586933333333332,269.8413133333333,24.860000000000007,24.873333333333335,96.60000000000001,0.13060933333333336
2026-08-12 12:30:00,128.15200000000002,29.820146666666673,32.92903999999999,1.366746666666667,249.2153266666667,24.439999999999998,24.620000000000005,97.19333333333333,0.12815200000000002
2026-08-12 12:45:00,188.0693333333333,44.09628,47.607139999999994,1.4079,236.47902000000002,24.20666666666666,24.64666666666666,97.47333333333331,0.1880693333333333
2026-08-12 13:00:00,144.58466666666666,34.982,36.34078,0.9866133333333331,252.6805666666667,24.10666666666667,24.700000000000003,97.6,0.14458466666666667
2026-08-12 13:15:00,119.44200000000001,29.606246666666667,31.774406666666668,0.45488,228.77107999999996,24.14666666666667,24.439999999999998,97.55333333333333,0.119442
2026-08-12 13:30:00,145.11866666666666,35.765186666666665,37.38788666666667,1.7140466666666667,227.43275333333332,23.966666666666665,24.246666666666666,97.69333333333333,0.14511866666666665
2026-08-12 13:45:00,225.518,50.577713333333335,54.08235999999999,0.5528866666666666,242.95919333333333,24.0,24.606666666666666,97.82666666666665,0.225518
2026-08-12 14:00:00,433.9573333333334,90.58223333333333,102.19230666666665,0.8065399999999999,240.59413999999998,24.09333333333334,25.166666666666668,97.88000000000002,0.4339573333333334
2026-08-12 14:15:00,692.3606666666666,143.02428666666665,158.81441333333336,0.6022000000000001,263.76992,24.193333333333335,26.41333333333333,97.89333333333335,0.6923606666666666
2026-08-12 14:30:00,1772.9073333333333,375.1147466666666,394.5222,0.9889733333333333,247.41629333333333,24.526666666666667,28.339999999999996,97.90000000000002,1.7729073333333334
2026-08-12 14:45:00,1608.366,342.99186,341.59080000000006,1.0250499999999998,220.25301,25.059999999999995,35.7,97.18,1.608366
2026-08-12 15:00:00,604.0046666666668,129.09038,129.33290666666664,1.1772466666666666,242.46584666666664,25.060000000000002,31.179999999999996,95.64666666666668,0.6040046666666669
2026-08-12 15:15:00,685.7026666666666,146.68197333333333,145.54849999999996,1.1203533333333333,249.29544666666666,25.21333333333333,30.10666666666667,95.05333333333336,0.6857026666666666
2026-08-12 15:30:00,477.62200000000007,99.66581333333335,102.51579999999998,1.2607066666666666,246.57576666666665,25.23333333333333,28.986666666666668,94.81333333333333,0.47762200000000005
2026-08-12 15:45:00,275.2533333333333,61.02396666666667,62.64685333333334,1.2215333333333334,271.7278866666667,25.35333333333333,27.939999999999998,94.71333333333334,0.2752533333333333
2026-08-12 16:00:00,203.96866666666665,45.24692,48.75040000000001,1.06368,271.84434666666664,25.320000000000004,26.806666666666665,94.66666666666667,0.20396866666666666
2026-08-12 16:15:00,387.31733333333335,82.37960666666666,88.19322000000001,1.1896533333333332,261.51613333333336,25.339999999999996,27.06666666666667,94.91333333333334,0.38731733333333335
2026-08-12 16:30:00,473.9293333333334,103.68967333333333,109.00424,1.2089066666666666,254.09382,25.533333333333335,28.206666666666667,94.26666666666667,0.47392933333333337
2026-08-12 16:45:00,388.6506666666666,88.46221333333332,93.79165333333331,0.9918066666666667,255.39504,25.58666666666667,28.12,93.45333333333333,0.3886506666666666
2026-08-12 17:00:00,309.76800000000003,72.488,78.77046,0.7917466666666666,264.1542,25.600000000000005,27.793333333333337,93.39333333333335,0.30976800000000004
2026-08-12 17:15:00,197.36200000000002,49.585013333333336,54.58363333333334,0.7928200000000002,264.77440666666666,25.540000000000003,27.080000000000002,93.48666666666666,0.197362
2026-08-12 17:30:00,191.89066666666665,50.005900000000004,54.17458666666666,0.5151733333333334,248.2954066666667,25.473333333333326,26.519999999999996,94.02666666666667,0.19189066666666665
2026-08-12 17:45:00,136.7422222222222,37.82685555555556,40.52205555555555,0.4554777777777778,248.63891111111104,25.33333333333334,26.077777777777776,94.39999999999999,0.1367422222222222
2026-08-12 19:15:00,9.361666666666668,5.008133333333334,5.562966666666667,0.5743499999999999,276.32331666666664,24.8,24.349999999999998,95.01666666666667,0.009361666666666667
2026-08-12 21:00:00,0.0,-0.3759333333333334,-0.6076666666666667,0.05843333333333334,264.3589666666667,24.133333333333336,23.03333333333333,96.46666666666665,0.0
2026-08-12 21:15:00,0.0,-0.17256,-0.33952,0.0,268.19215999999994,23.9,22.620000000000005,96.91999999999999,0.0
2026-08-12 21:30:00,0.0,-0.22222,-0.24710000000000001,0.0,281.71373000000006,23.77,22.729999999999997,96.89,0.0
2026-08-13 06:00:00,11.888333333333334,6.913733333333333,7.1922,0.0,277.3666,23.36666666666667,23.016666666666666,97.81666666666666,0.011888333333333334
2026-08-13 06:15:00,81.20266666666664,22.43204666666667,23.198733333333333,0.08171333333333333,260.00052666666664,23.32666666666667,23.466666666666676,98.03333333333333,0.08120266666666665
2026-08-13 06:30:00,129.27916666666664,33.613375,34.209849999999996,0.48762500000000003,262.253,23.36666666666667,23.808333333333337,98.075,0.12927916666666664
2026-08-13 06:45:00,120.77933333333333,30.787386666666666,31.651359999999993,0.29304,248.97939333333335,23.493333333333336,24.093333333333337,98.14,0.12077933333333332
2026-08-13 07:00:00,132.30153846153846,33.864407692307694,35.10322307692308,0.5738153846153847,255.9510923076923,23.57692307692308,24.13076923076923,98.14615384615385,0.13230153846153844
2026-08-13 07:15:00,180.28999999999996,41.82329285714286,44.39125714285715,0.7241714285714285,263.4817,23.62857142857143,24.257142857142863,98.16428571428571,0.18028999999999995
2026-08-13 07:30:00,353.34785714285715,85.37637142857145,88.19257142857143,1.1215071428571428,258.9224357142857,23.61428571428572,24.678571428571423,98.22142857142858,0.35334785714285716
2026-08-13 07:45:00,460.2573333333333,111.39379333333333,110.79988666666667,0.9438333333333333,253.90538,23.75333333333333,25.64666666666667,98.17333333333335,0.4602573333333333
2026-08-13 08:00:00,672.75,158.95106666666666,161.4888666666667,1.07808,243.18843333333334,23.96666666666666,28.473333333333333,97.99333333333334,0.67275
2026-08-13 08:15:00,1029.2433333333333,243.98779333333334,260.22281333333336,0.7238733333333334,254.74962000000002,24.32666666666666,32.11333333333333,97.41333333333336,1.0292433333333333
2026-08-13 08:30:00,646.9126666666666,149.17181333333338,152.81725333333333,1.1216199999999998,260.7119533333334,24.70666666666666,32.20666666666666,95.26666666666668,0.6469126666666666
2026-08-13 08:45:00,720.092,166.40070666666668,169.94164000000004,1.2400866666666663,268.88430666666665,24.713333333333328,30.360000000000003,94.34666666666665,0.720092
2026-08-13 09:00:00,1065.4333333333334,232.3286866666666,248.91418666666667,1.3582866666666666,267.6520933333333,24.980000000000004,31.92,93.88000000000001,1.0654333333333335
2026-08-13 09:15:00,1129.1133333333335,248.29060666666663,261.0899933333333,1.1122599999999998,258.82689999999997,25.280000000000005,31.633333333333336,93.86666666666666,1.1291133333333334
2026-08-13 09:30:00,868.7633333333332,183.08928,193.53402666666668,0.8854866666666666,257.33278,25.26666666666667,31.606666666666673,93.79333333333332,0.8687633333333332
2026-08-13 09:45:00,888.2313333333334,197.56237333333334,196.52055333333334,1.0131466666666666,247.61216000000002,25.320000000000004,31.84,93.21333333333334,0.8882313333333334
2026-08-13 10:00:00,776.538,165.43808666666666,167.85599333333337,1.0628666666666666,250.86076666666662,25.433333333333334,30.953333333333326,92.98,0.7765380000000001
2026-08-13 10:15:00,656.0913333333333,138.17613333333333,140.89874666666665,0.9281866666666667,249.6656266666666,25.34,30.43333333333334,92.90666666666668,0.6560913333333332
2026-08-13 10:30:00,840.1986666666668,175.2581733333333,180.69081333333335,1.2914,250.77025999999998,25.326666666666664,30.293333333333337,92.97333333333333,0.8401986666666668
2026-08-13 10:45:00,1244.7213333333334,260.60458666666665,269.49882666666673,0.8621333333333335,245.09277999999995,25.68666666666666,32.620000000000005,92.16000000000001,1.2447213333333333
2026-08-13 11:00:00,1699.088,361.12614666666667,373.5708533333334,1.0276133333333333,236.11106000000004,26.006666666666668,35.559999999999995,91.47333333333333,1.699088
2026-08-13 11:15:00,2122.3340000000003,465.2104266666667,457.29488,0.8682933333333333,252.97358000000003,26.740000000000002,39.74,89.31333333333333,2.1223340000000004
2026-08-13 11:30:00,2043.5019999999997,433.7180533333332,448.19328666666667,0.8137066666666665,243.56233333333336,26.893333333333338,40.513333333333335,88.92666666666666,2.0435019999999997
2026-08-13 11:45:00,1783.702,382.5200466666667,382.1967066666667,0.9198999999999999,257.5234266666667,27.12666666666666,39.806666666666665,87.9,1.783702
2026-08-13 12:00:00,1576.6299999999999,339.4875933333334,335.71147333333334,1.1053933333333332,256.16508,27.100000000000005,37.419999999999995,87.66000000000001,1.57663
2026-08-13 12:15:00,1376.3306666666665,292.64385999999996,296.4948733333333,1.2898666666666665,247.50904000000003,27.08,37.49333333333333,88.19333333333334,1.3763306666666666
2026-08-13 12:30:00,1590.671333333333,343.58986666666664,343.65718000000004,0.9501999999999999,247.00531999999995,27.08,36.77333333333333,88.50666666666666,1.590671333333333
2026-08-13 12:45:00,2565.4519999999998,591.4964399999998,589.0253866666666,1.2760933333333333,254.19174666666666,27.700000000000003,41.24,86.83333333333333,2.5654519999999996
2026-08-13 13:00:00,2841.660666666667,671.2111666666666,672.8973733333333,1.2058266666666666,253.84528,28.086666666666662,44.49333333333334,85.05333333333331,2.8416606666666673
2026-08-13 13:15:00,2970.964666666667,702.4208266666667,719.6859133333331,1.1790266666666667,248.67080666666666,28.37333333333334,48.86666666666666,84.52666666666667,2.970964666666667
2026-08-13 13:30:00,3015.793333333333,712.9036799999999,710.95076,0.98378,234.39068666666662,28.220000000000002,47.440000000000005,85.22666666666666,3.015793333333333
2026-08-13 13:45:00,2641.9100000000003,621.9761333333333,626.2084933333333,1.3089666666666666,252.33559333333335,28.653333333333332,48.093333333333334,84.06666666666666,2.64191
2026-08-13 14:00:00,3376.988,782.6411800000001,786.3311866666668,1.1982666666666666,254.53372666666667,28.78666666666667,47.30666666666666,82.51333333333334,3.376988
2026-08-13 14:15:00,2844.2193333333335,725.4804066666668,730.5586,0.9790466666666667,237.58514,29.18,52.95333333333334,82.07333333333332,2.8442193333333337
2026-08-13 14:30:00,1707.7853333333335,397.2401066666667,406.1876933333333,1.1669066666666668,238.27507333333335,28.586666666666662,45.106666666666676,84.00666666666666,1.7077853333333335
2026-08-13 14:45:00,2565.0346666666665,577.26622,590.8145666666666,1.2008133333333333,221.97266,28.686666666666667,43.94666666666667,83.77333333333333,2.5650346666666666
2026-08-13 15:00:00,2973.236666666666,695.9478533333332,727.55216,1.434986666666667,236.41670000000005,29.206666666666667,48.93999999999999,82.41333333333334,2.9732366666666663
2026-08-13 15:15:00,2118.9680000000003,501.35661999999996,535.78364,1.1190933333333333,240.93390666666664,29.246666666666663,46.25333333333333,81.42,2.118968
2026-08-13 15:30:00,2608.1493333333337,549.9977733333333,572.4962733333333,1.1503866666666664,230.72366000000002,29.22666666666667,44.84666666666667,82.24,2.608149333333334
2026-08-13 15:45:00,1596.9353333333333,350.76272,361.51090666666664,1.2180133333333332,231.24445333333335,28.94000000000001,42.70666666666667,83.34666666666666,1.5969353333333334
2026-08-13 16:00:00,1351.9953333333333,297.04172666666665,312.64764666666673,1.0654199999999998,213.85444666666663,28.446666666666662,38.93333333333333,85.39999999999999,1.3519953333333332
2026-08-13 16:15:00,1299.786,279.82724666666667,296.09849999999994,1.1423866666666667,222.07428,28.34,37.059999999999995,85.51333333333334,1.299786
2026-08-13 16:30:00,1738.2359999999999,375.99952,405.47443333333337,0.9395266666666665,220.58388666666667,28.393333333333334,38.13999999999999,84.65333333333335,1.738236
2026-08-13 16:45:00,1617.9513333333332,357.08698666666663,390.3766133333334,1.0547333333333333,220.7827,28.526666666666674,39.48,84.06000000000002,1.6179513333333333
2026-08-13 17:00:00,1198.349333333333,261.65214,284.81769999999995,1.3837066666666666,205.73549999999997,28.45333333333333,37.519999999999996,85.09999999999998,1.198349333333333
2026-08-13 17:15:00,981.0406666666667,226.0657533333333,253.62260666666668,0.9699066666666667,215.34040666666664,28.446666666666662,35.31333333333334,85.53999999999999,0.9810406666666667
2026-08-13 17:30:00,670.5476923076923,151.10840000000002,164.34336153846152,0.9005846153846153,216.42037692307696,28.33076923076923,33.53076923076923,85.28461538461539,0.6705476923076923
2026-08-13 17:45:00,525.5614285714285,125.29889285714283,137.75770714285713,1.068935714285714,216.41211428571432,28.107142857142854,31.97142857142857,85.01428571428572,0.5255614285714284
2026-08-13 18:00:00,282.35400000000004,69.48732,71.96102666666667,1.0142666666666666,213.72683999999995,27.633333333333336,29.89333333333333,86.72000000000001,0.28235400000000005
2026-08-13 18:15:00,106.73307692307692,30.12756153846154,31.60715384615384,0.9662153846153847,219.4446,27.292307692307695,28.130769230769236,88.50000000000001,0.10673307692307692
2026-08-13 18:30:00,27.247333333333327,11.066419999999999,10.87034,0.7135466666666667,229.6487,27.026666666666667,27.02,89.81333333333335,0.027247333333333325
2026-08-13 18:45:00,3.33,4.943822222222222,4.467144444444444,0.4371666666666667,246.86585555555556,26.900000000000002,26.800000000000004,90.5888888888889,0.00333
2026-08-13 20:00:00,0.0,0.09759999999999999,0.23196000000000003,0.16918,102.75534,25.859999999999996,25.04,94.22,0.0
2026-08-13 20:15:00,0.0,-0.5322933333333333,-0.40246,0.0,62.64285333333333,25.653333333333332,24.560000000000006,95.33333333333333,0.0
2026-08-13 20:30:00,0.0,-0.40609999999999996,-0.001974999999999989,0.1100625,158.3588875,25.599999999999998,24.6375,95.5,0.0
2026-08-14 06:15:00,10.75,6.5999,6.9025,0.6875,247.6745,24.3,24.4,95.7,0.01075
2026-08-14 06:30:00,20.899333333333335,8.47888,9.068993333333333,0.7440599999999999,235.90926666666667,24.333333333333332,24.473333333333333,95.70000000000002,0.020899333333333336
2026-08-14 06:45:00,35.28666666666666,11.877726666666666,12.251993333333335,0.8773466666666666,240.85601333333335,24.366666666666664,24.7,95.64666666666666,0.03528666666666666
2026-08-14 07:00:00,71.72866666666665,20.203446666666665,20.863813333333333,1.0536933333333331,238.82924666666668,24.399999999999995,25.059999999999995,95.48666666666668,0.07172866666666665
2026-08-14 07:15:00,105.80785714285716,27.358207142857143,28.426999999999996,0.8807857142857144,235.80971428571428,24.478571428571428,25.45,95.32857142857141,0.10580785714285716
2026-08-14 07:30:00,193.59333333333333,47.90083333333333,49.12063333333333,1.0622999999999998,256.38393333333335,24.633333333333336,26.366666666666664,95.33333333333333,0.19359333333333334
2026-08-14 07:45:00,253.4953333333333,60.54415333333332,62.84777333333333,0.9358466666666665,248.18708666666666,24.719999999999995,27.12,95.10666666666667,0.2534953333333333
2026-08-14 08:00:00,266.91066666666666,61.75162666666667,64.87999333333332,0.8264,241.86422,24.800000000000008,27.553333333333335,94.68666666666665,0.26691066666666663
2026-08-14 08:15:00,383.932,87.57713333333332,89.42552666666667,0.7372266666666665,242.9606733333334,24.84,28.09333333333333,94.70666666666666,0.383932
2026-08-14 08:30:00,489.0073333333333,102.90595333333336,107.05323333333334,1.2197133333333334,230.13759333333334,24.98,28.62,94.42,0.4890073333333333
2026-08-14 08:45:00,548.7333333333332,115.05960666666665,117.90513333333335,0.6475533333333333,234.02866,25.08666666666667,28.89333333333333,94.54666666666667,0.5487333333333332
2026-08-14 09:00:00,809.736,169.33868,176.63531333333333,0.9169533333333334,251.26212666666663,25.459999999999994,30.320000000000004,93.7,0.809736
2026-08-14 09:15:00,662.4746666666666,142.76849333333334,147.69507333333334,0.94386,249.87705333333332,25.65333333333333,30.560000000000006,92.48000000000002,0.6624746666666667
2026-08-14 09:30:00,958.022,200.84613333333328,206.95994000000002,0.78586,244.46666,25.793333333333333,31.426666666666666,92.34,0.958022
2026-08-14 09:45:00,714.7553333333333,145.91744666666668,153.33346,0.7929466666666667,235.15256666666667,25.946666666666662,32.04,91.72666666666667,0.7147553333333333
2026-08-14 10:00:00,597.4226666666667,125.40231333333334,128.9555733333333,1.2101133333333332,236.34473333333332,25.67333333333334,30.139999999999993,92.17333333333333,0.5974226666666668
2026-08-14 10:15:00,876.838,182.11679333333328,187.07334666666665,0.8262999999999999,246.282,25.92,31.16,91.79333333333332,0.876838
2026-08-14 10:30:00,998.8833333333332,207.69094,216.40826666666666,0.8708333333333333,244.24335999999994,26.280000000000005,32.44666666666667,90.7,0.9988833333333332
2026-08-14 10:45:00,1522.7093333333332,317.65612666666664,326.07978666666673,0.6663600000000002,227.54626,26.62666666666667,35.04,89.94666666666667,1.5227093333333332
2026-08-14 11:00:00,1296.2373333333335,278.92324,282.19622,0.98464,243.18546666666666,26.86,36.83333333333334,88.70666666666668,1.2962373333333335
2026-08-14 11:15:00,949.4693333333332,196.57364,201.98389333333333,0.6514133333333334,229.6331133333333,26.94,34.940000000000005,88.89999999999999,0.9494693333333333
2026-08-14 11:30:00,976.0286666666666,199.32387333333335,210.90965999999997,0.7598466666666668,227.71689999999995,26.90666666666666,34.82,88.76666666666667,0.9760286666666665
2026-08-14 11:45:00,745.5933333333334,148.97806,165.73778666666666,0.8040533333333333,229.80373999999998,26.779999999999998,33.086666666666666,88.9,0.7455933333333333
2026-08-14 12:00:00,1071.2473333333332,210.8987133333333,230.18550666666673,0.6996866666666666,222.05350666666666,26.806666666666665,33.406666666666666,90.02,1.0712473333333332
2026-08-14 12:15:00,1542.8293333333334,327.5512666666666,325.13385333333343,1.1121666666666665,237.74093333333337,27.293333333333337,35.733333333333334,88.25333333333333,1.5428293333333334
2026-08-14 12:30:00,1917.3133333333333,409.12196,414.69805333333335,0.9128533333333333,223.7738866666667,27.873333333333335,40.10666666666667,86.11999999999999,1.9173133333333332
2026-08-14 12:45:00,1996.704666666667,430.8956666666666,432.87704,0.9147133333333333,209.10505333333333,28.019999999999996,41.053333333333335,85.64666666666668,1.996704666666667
2026-08-14 13:00:00,1779.7533333333333,380.00941333333327,382.9194533333333,0.9542,218.00962666666666,28.180000000000003,41.88,84.82666666666665,1.7797533333333333
2026-08-14 13:15:00,1935.6520000000007,420.8865933333333,427.5854,0.8802533333333336,213.81810000000002,28.333333333333332,41.273333333333326,84.62666666666668,1.9356520000000008
2026-08-14 13:30:00,1954.5273333333337,429.61414666666667,435.63694,1.2005866666666665,214.19347333333334,28.473333333333333,42.22,84.16666666666667,1.9545273333333337
2026-08-14 13:45:00,2839.901333333334,644.5161266666668,660.6799199999999,0.9752733333333334,228.60415999999998,29.033333333333335,46.233333333333334,82.72666666666667,2.839901333333334
2026-08-14 14:00:00,2339.216,507.66409999999996,525.2939799999999,0.7300199999999999,240.13269999999997,29.493333333333332,47.29333333333333,81.06,2.339216
2026-08-14 14:15:00,1907.2813333333334,442.7709666666667,446.55681999999996,0.8713933333333336,225.9008,29.63333333333334,45.58666666666667,81.05333333333334,1.9072813333333334
2026-08-14 14:30:00,1497.5606666666667,308.3444,319.30914,0.9975333333333334,243.48294,29.526666666666664,41.99333333333333,80.61333333333333,1.4975606666666668
2026-08-14 14:45:00,765.8353333333332,158.52704666666668,171.7614466666667,0.6730133333333334,228.08411999999993,29.113333333333337,37.873333333333335,82.39333333333335,0.7658353333333332
2026-08-14 15:00:00,711.8333333333334,147.51850000000002,145.04138666666668,0.2541333333333333,238.81737333333336,28.939999999999998,35.12666666666667,82.49333333333333,0.7118333333333333
2026-08-14 15:15:00,367.018,112.87946666666666,105.5626933333333,1.1415600000000004,260.45305333333334,28.82666666666666,33.32666666666667,83.91999999999999,0.36701799999999996
2026-08-14 15:30:00,0.0,70.18776,72.47154,1.4172,291.56452666666667,26.906666666666663,29.086666666666662,90.05333333333334,0.0
2026-08-14 15:45:00,0.0,156.32156666666666,164.15919333333335,1.3127333333333335,297.45122,26.379999999999995,28.28666666666667,92.43333333333334,0.0
2026-08-14 16:00:00,552.6293333333332,219.2785133333333,237.04689333333334,1.0709266666666666,287.2877066666667,26.546666666666667,30.58666666666667,91.24666666666667,0.5526293333333332
2026-08-14 16:15:00,1040.2580000000003,227.43406000000002,255.12085333333337,0.8671466666666665,284.77426,27.086666666666666,33.04,89.03999999999999,1.0402580000000003
2026-08-14 16:30:00,1223.992,254.15294666666668,278.52676,0.9035733333333333,286.3818866666667,27.89333333333333,34.78666666666666,86.47333333333331,1.223992
2026-08-14 16:45:00,752.366,166.62033333333335,179.16056666666665,1.0063933333333333,276.69538666666665,28.253333333333334,33.51333333333333,84.91333333333334,0.752366
2026-08-14 17:00:00,730.964,161.2724133333333,172.40757333333332,1.0712866666666667,276.5225266666667,27.98666666666666,31.753333333333327,86.54000000000002,0.7309640000000001
2026-08-14 17:15:00,715.154,149.6826066666667,165.66842666666665,0.9614666666666666,271.5550333333333,28.29333333333334,32.81333333333333,86.39999999999999,0.715154
2026-08-14 17:30:00,369.1066666666667,83.67767333333333,91.82743333333335,0.7159800000000001,272.0669066666666,28.12,31.12666666666667,87.24666666666667,0.3691066666666667
2026-08-14 17:45:00,291.43733333333336,68.653,73.14820000000002,0.35052666666666676,250.42305333333334,27.979999999999997,30.213333333333342,88.61999999999999,0.2914373333333334
2026-08-14 18:00:00,206.00399999999996,50.37486666666667,52.273393333333324,0.6181266666666667,252.43798000000004,27.660000000000004,29.5,89.34666666666668,0.20600399999999996
2026-08-14 18:15:00,117.046,29.440999999999995,32.31142666666666,0.43250000000000005,244.5341666666666,27.280000000000005,27.546666666666667,91.19333333333333,0.11704600000000001
2026-08-14 18:30:00,83.7525,20.8777875,21.972025,0.0,242.05485,26.887500000000003,26.937500000000004,93.0125,0.0837525
